{
  "project_info": {
    "project_number": "248794521150",
    "firebase_url": "https://card-app-f2ca3-default-rtdb.firebaseio.com",
    "project_id": "card-app-f2ca3",
    "storage_bucket": "card-app-f2ca3.appspot.com"
  },
  "client": [
    {
      "client_info": {
        "mobilesdk_app_id": "1:248794521150:android:07e4e3d809079953fdfb6f",
        "android_client_info": {
          "package_name": "com.example.cardapp"
        }
      },
      "oauth_client": [],
      "api_key": [
        {
          "current_key": "AIzaSyCpyE1UoKXl9ef51iPL2rdKvevmwcVxW5w"
        }
      ],
      "services": {
        "appinvite_service": {
          "other_platform_oauth_client": []
        }
      }
    }
  ],
  "configuration_version": "1"
}